size,time,algo
100,0.000567583,heap
1000,0.00872721,heap
5000,0.0526906,heap
10000,0.126344,heap
50000,0.690286,heap
100000,1.75417,heap
