size,time,algo
100,0.000108291,insertion
1000,0.00704279,insertion
5000,0.168919,insertion
10000,0.708521,insertion
50000,17.7451,insertion
100000,74.5913,insertion
