size,time,algo
100,0.000248333,merge
1000,0.00401663,merge
5000,0.0244317,merge
10000,0.105929,merge
50000,0.270738,merge
100000,0.512734,merge
